{
  "IcoMoonType": "selection",
  "icons": [
    {
      "icon": {
        "paths": [
          "M1024 103.131l-103.131-103.131-408.869 408.869-408.869-408.869-103.131 103.131 408.869 408.869-408.869 408.869 103.131 103.131 408.869-408.869 408.869 408.869 103.131-103.131-408.869-408.869 408.869-408.869z"
        ],
        "attrs": [
          {}
        ],
        "isMulticolor": false,
        "isMulticolor2": false,
        "grid": 0,
        "tags": [
          "close-black-18dp1"
        ],
        "colorPermutations": {
          "244244253164751911": [
            {}
          ]
        }
      },
      "attrs": [
        {}
      ],
      "properties": {
        "order": 27,
        "id": 1,
        "name": "close-black-18dp1",
        "prevSize": 32
      },
      "setIdx": 0,
      "setId": 6,
      "iconIdx": 0
    },
    {
      "icon": {
        "paths": [
          "M128 32h768c53.019 0 96 42.981 96 96v768c0 53.019-42.981 96-96 96h-768c-53.019 0-96-42.981-96-96v-768c0-53.019 42.981-96 96-96z",
          "M732.518 272.324c11.059-10.586 25.773-16.438 41.043-16.322s29.901 6.191 40.8 16.944c10.899 10.753 17.216 25.342 17.619 40.689s-5.139 30.252-15.456 41.568l-313.256 393.878c-5.387 5.83-11.888 10.509-19.115 13.76s-15.032 4.998-22.947 5.146c-7.916 0.147-15.779-1.312-23.121-4.288s-14.011-7.411-19.608-13.043l-207.737-208.855c-5.786-5.42-10.426-11.955-13.644-19.217s-4.949-15.101-5.089-23.050c-0.14-7.949 1.315-15.844 4.276-23.215s7.37-14.068 12.961-19.69c5.592-5.621 12.252-10.053 19.584-13.030s15.185-4.44 23.091-4.3c7.906 0.14 15.703 1.88 22.926 5.116s13.724 7.901 19.114 13.717l164.399 165.207 272.666-349.279c0.486-0.608 1.011-1.187 1.568-1.736h-0.077z",
          "M128 32h768c53.019 0 96 42.981 96 96v768c0 53.019-42.981 96-96 96h-768c-53.019 0-96-42.981-96-96v-768c0-53.019 42.981-96 96-96z"
        ],
        "attrs": [
          {
            "fill": "rgb(64, 75, 191)"
          },
          {
            "fill": "rgb(244, 244, 253)"
          },
          {
            "fill": "none",
            "stroke": "rgb(64, 75, 191)",
            "strokeLinejoin": "miter",
            "strokeLinecap": "butt",
            "strokeMiterlimit": "4",
            "strokeWidth": 64
          }
        ],
        "isMulticolor": true,
        "isMulticolor2": true,
        "grid": 0,
        "tags": [
          "Property 1"
        ],
        "colorPermutations": {
          "244244253164751911": [
            {
              "f": 0
            },
            {
              "f": 1
            },
            {
              "s": 0
            }
          ]
        }
      },
      "attrs": [
        {
          "fill": "rgb(64, 75, 191)"
        },
        {
          "fill": "rgb(244, 244, 253)"
        },
        {
          "fill": "none",
          "stroke": "rgb(64, 75, 191)",
          "strokeLinejoin": "miter",
          "strokeLinecap": "butt",
          "strokeMiterlimit": "4",
          "strokeWidth": 64
        }
      ],
      "properties": {
        "order": 28,
        "id": 0,
        "name": "Property-1",
        "prevSize": 32
      },
      "setIdx": 0,
      "setId": 6,
      "iconIdx": 1
    },
    {
      "icon": {
        "paths": [
          "M1024 103.131l-103.131-103.131-408.869 408.869-408.869-408.869-103.131 103.131 408.869 408.869-408.869 408.869 103.131 103.131 408.869-408.869 408.869 408.869 103.131-103.131-408.869-408.869 408.869-408.869z"
        ],
        "attrs": [
          {
            "fill": "rgb(255, 255, 255)"
          }
        ],
        "isMulticolor": false,
        "isMulticolor2": false,
        "grid": 0,
        "tags": [
          "close-black-18dp1"
        ],
        "colorPermutations": {
          "24424425312552552551": [
            {
              "f": 1
            }
          ]
        }
      },
      "attrs": [
        {
          "fill": "rgb(255, 255, 255)"
        }
      ],
      "properties": {
        "order": 25,
        "id": 1,
        "name": "close-black-18dp11",
        "prevSize": 32
      },
      "setIdx": 1,
      "setId": 5,
      "iconIdx": 0
    },
    {
      "icon": {
        "paths": [
          "M1081.034 32.647c22.118-21.172 51.553-32.876 82.093-32.644 30.538 0.232 59.794 12.383 81.591 33.889 21.798 21.506 34.433 50.684 35.241 81.378 0.809 30.693-10.277 60.503-30.915 83.136l-626.508 787.752c-10.774 11.667-23.776 21.029-38.23 27.528-14.454 6.497-30.063 9.999-45.893 10.294-15.831 0.294-31.558-2.623-46.241-8.579-14.684-5.956-28.022-14.828-39.217-26.085l-415.474-417.714c-11.57-10.839-20.85-23.91-27.287-38.435-6.437-14.523-9.898-30.202-10.177-46.099s2.63-31.689 8.553-46.431c5.923-14.743 14.739-28.136 25.921-39.379 11.183-11.242 24.503-20.106 39.167-26.061s30.37-8.879 46.183-8.599c15.812 0.28 31.406 3.761 45.853 10.231 14.445 6.472 27.447 15.802 38.228 27.434l328.799 330.414 545.329-698.557c0.982-1.215 2.030-2.375 3.14-3.473h-0.156z"
        ],
        "attrs": [
          {
            "fill": "rgb(244, 244, 253)"
          }
        ],
        "width": 1280,
        "isMulticolor": false,
        "isMulticolor2": false,
        "grid": 0,
        "tags": [
          "Vector"
        ],
        "colorPermutations": {
          "24424425312552552551": [
            {
              "f": 0
            }
          ]
        }
      },
      "attrs": [
        {
          "fill": "rgb(244, 244, 253)"
        }
      ],
      "properties": {
        "order": 26,
        "id": 0,
        "name": "Vector",
        "prevSize": 32
      },
      "setIdx": 1,
      "setId": 5,
      "iconIdx": 1
    },
    {
      "icon": {
        "paths": [
          "M640 256h-512c-35.2 0-63.68 28.8-63.68 64l-0.32 384c0 35.2 28.8 64 64 64h512c35.2 0 64-28.8 64-64v-384c0-35.2-28.8-64-64-64zM627.2 392l-226.24 141.44c-10.24 6.4-23.68 6.4-33.92 0l-226.24-141.44c-8-5.12-12.8-13.76-12.8-23.040 0-21.44 23.36-34.24 41.6-23.040l214.4 134.080 214.4-134.080c18.24-11.2 41.6 1.6 41.6 23.040 0 9.28-4.8 17.92-12.8 23.040z"
        ],
        "attrs": [
          {}
        ],
        "width": 768,
        "isMulticolor": false,
        "isMulticolor2": false,
        "grid": 0,
        "tags": [
          "email-black-18dp 1"
        ],
        "colorPermutations": {
          "12312332521464766177902291": [
            {}
          ]
        }
      },
      "attrs": [
        {}
      ],
      "properties": {
        "order": 22,
        "id": 2,
        "name": "email-black-18dp-1",
        "prevSize": 32
      },
      "setIdx": 2,
      "setId": 4,
      "iconIdx": 1
    },
    {
      "icon": {
        "paths": [
          "M512 512c94.293 0 170.667-76.373 170.667-170.667s-76.373-170.667-170.667-170.667c-94.293 0-170.667 76.373-170.667 170.667s76.373 170.667 170.667 170.667zM512 597.333c-113.92 0-341.333 57.173-341.333 170.667v42.667c0 23.467 19.2 42.667 42.667 42.667h597.333c23.467 0 42.667-19.2 42.667-42.667v-42.667c0-113.493-227.413-170.667-341.333-170.667z"
        ],
        "attrs": [
          {
            "fill": "rgb(77, 90, 229)"
          }
        ],
        "isMulticolor": false,
        "isMulticolor2": false,
        "grid": 0,
        "tags": [
          "person-black-18dp 1"
        ],
        "colorPermutations": {
          "12312332521464766177902291": [
            {
              "f": 2
            }
          ]
        }
      },
      "attrs": [
        {
          "fill": "rgb(77, 90, 229)"
        }
      ],
      "properties": {
        "order": 23,
        "id": 1,
        "name": "person-black-18dp-1",
        "prevSize": 32
      },
      "setIdx": 2,
      "setId": 4,
      "iconIdx": 2
    },
    {
      "icon": {
        "paths": [
          "M628.322 591.578l-78.43-8.956c-18.833-2.159-37.359 4.326-50.637 17.6l-56.815 56.815c-87.381-44.463-159.016-115.789-203.479-203.477l57.122-57.125c13.277-13.277 19.761-31.803 17.6-50.639l-8.954-77.81c-3.705-31.186-29.951-54.653-61.445-54.653h-53.417c-34.891 0-63.916 29.024-61.754 63.916 16.365 263.692 227.255 474.273 490.634 490.636 34.893 2.163 63.915-26.863 63.915-61.751v-53.419c0.311-31.185-23.155-57.429-54.34-61.137z"
        ],
        "attrs": [
          {}
        ],
        "width": 768,
        "isMulticolor": false,
        "isMulticolor2": false,
        "grid": 0,
        "tags": [
          "phone-black-18dp 1"
        ],
        "colorPermutations": {
          "12312332521464766177902291": [
            {}
          ]
        }
      },
      "attrs": [
        {}
      ],
      "properties": {
        "order": 24,
        "id": 0,
        "name": "phone-black-18dp-1",
        "prevSize": 32
      },
      "setIdx": 2,
      "setId": 4,
      "iconIdx": 3
    }
  ],
  "height": 1024,
  "preferences": {
    "showGlyphs": true,
    "showQuickUse": true,
    "showQuickUse2": true,
    "showSVGs": true,
    "fontPref": {
      "prefix": "icon-",
      "metadata": {
        "fontFamily": "icomoon"
      },
      "metrics": {
        "emSize": 1024,
        "baseline": 6.25,
        "whitespace": 50
      },
      "embed": false
    },
    "imagePref": {
      "prefix": "icon-",
      "png": true,
      "useClassSelector": true,
      "color": 0,
      "bgColor": 16777215,
      "classSelector": ".icon",
      "name": "icomoon",
      "height": 32,
      "columns": 16,
      "margin": 16,
      "autoHost": true
    },
    "historySize": 50,
    "showCodes": true,
    "gridSize": 16,
    "quickUsageToken": {
      "UntitledProject": "MGI0Njk4ZGZlZDBmNjI1MjJjMDlkMzdmMWJjODkyMjEjMSMxNjc5MDk3MTE1IyMjMzEzNGVhNmU1N2Q4"
    }
  }
}